<?xml version='1.0' encoding='UTF-8' ?>
<timeLogEntries>
  <time id="1" path="/Non Project/PSP Fundamentals &amp; Advanced/Program 1/Planning" start="@1486405952684" delta="45" interrupt="1" />
  <time id="2" path="/Non Project/PSP Fundamentals &amp; Advanced/Program 1/Design" start="@1486408773685" delta="76" interrupt="3" />
  <time id="3" path="/Non Project/PSP Fundamentals &amp; Advanced/Program 1/Code" start="@1486413507666" delta="86" interrupt="8" />
  <time id="4" path="/Non Project/PSP Fundamentals &amp; Advanced/Program 1/Test" start="@1486419228143" delta="6" />
  <time id="5" path="/Non Project/PSP Fundamentals &amp; Advanced/Program 1/Test" start="@1486420005084" delta="26" />
  <time id="6" path="/Non Project/PSP Fundamentals &amp; Advanced/Program 1/Postmortem" start="@1486421557121" delta="13" />
  <time id="7" path="/Non Project/PSP Fundamentals &amp; Advanced/Program 2/Planning" start="@1487679373605" delta="95" interrupt="10" />
  <time id="8" path="/Non Project/PSP Fundamentals &amp; Advanced/Program 2/Design" start="@1487685700057" delta="13" />
  <time id="9" path="/Non Project/PSP Fundamentals &amp; Advanced/Program 2/Design" start="@1487691127391" delta="39" />
  <time id="10" path="/Non Project/PSP Fundamentals &amp; Advanced/Program 2/Code" start="@1487693453427" delta="50" />
  <time id="11" path="/Non Project/PSP Fundamentals &amp; Advanced/Program 2/Code" start="@1487700449917" delta="3" />
  <time id="12" path="/Non Project/PSP Fundamentals &amp; Advanced/Program 2/Code" start="@1487701243850" delta="124" interrupt="12" />
  <time id="13" path="/Non Project/PSP Fundamentals &amp; Advanced/Program 2/Code" start="@1487710934418" delta="1" />
  <time id="14" path="/Non Project/PSP Fundamentals &amp; Advanced/Program 2/Compile" start="@1487710975640" delta="1" />
  <time id="15" path="/Non Project/PSP Fundamentals &amp; Advanced/Program 2/Test" start="@1487711036113" delta="29" />
  <time id="16" path="/Non Project/PSP Fundamentals &amp; Advanced/Program 2/Test" start="@1487737721909" delta="104" interrupt="1" />
  <time id="17" path="/Non Project/PSP Fundamentals &amp; Advanced/Program 2/Postmortem" start="@1487744048196" delta="11" />
  <time id="18" path="/Non Project/PSP Fundamentals &amp; Advanced/Program 2/Postmortem" start="@1487774431292" delta="23" interrupt="4" />
  <time id="19" path="/Non Project/PSP Fundamentals &amp; Advanced/Program 2/Postmortem" start="@1487778692776" delta="51" />
  <time id="20" path="/Non Project/PSP Fundamentals &amp; Advanced/Program 2/Postmortem" start="@1487782813380" delta="7" />
  <time id="21" path="/Non Project/PSP Fundamentals &amp; Advanced/Program 3/Planning" start="@1488912225511" delta="89" interrupt="18" />
  <time id="22" path="/Non Project/PSP Fundamentals &amp; Advanced/Program 3/Planning" start="@1488919695635" delta="22" />
  <time id="23" path="/Non Project/PSP Fundamentals &amp; Advanced/Program 3/Planning" start="@1488943647578" delta="24" />
  <time id="24" path="/Non Project/PSP Fundamentals &amp; Advanced/Program 3/Planning" start="@1488947632863" delta="23" />
  <time id="25" path="/Non Project/PSP Fundamentals &amp; Advanced/Program 3/Planning" start="@1488971465700" delta="13" />
  <time id="26" path="/Non Project/PSP Fundamentals &amp; Advanced/Program 3/Design" start="@1488972235409" delta="2" />
  <time id="27" path="/Non Project/PSP Fundamentals &amp; Advanced/Program 3/Design" start="@1488973534054" delta="15" />
  <time id="28" path="/Non Project/PSP Fundamentals &amp; Advanced/Program 3/Design" start="@1488974854976" delta="2" />
  <time id="29" path="/Non Project/PSP Fundamentals &amp; Advanced/Program 3/Design" start="@1488975479169" delta="25" />
  <time id="30" path="/Non Project/PSP Fundamentals &amp; Advanced/Program 3/Design Review" start="@1488976978330" delta="5" />
  <time id="31" path="/Non Project/PSP Fundamentals &amp; Advanced/Program 3/Code" start="@1488977256062" delta="96" interrupt="10" />
  <time id="32" path="/Non Project/PSP Fundamentals &amp; Advanced/Program 3/Code" start="@1488985889574" delta="23" interrupt="1" />
  <time id="33" path="/Non Project/PSP Fundamentals &amp; Advanced/Program 3/Code" start="@1488987773190" delta="5" />
  <time id="34" path="/Non Project/PSP Fundamentals &amp; Advanced/Program 3/Code Review" start="@1488988055713" delta="26" interrupt="28" />
  <time id="35" path="/Non Project/PSP Fundamentals &amp; Advanced/Program 3/Test" start="@1488991362445" delta="1" />
  <time id="36" path="/Non Project/PSP Fundamentals &amp; Advanced/Program 3/Postmortem" start="@1488991363496" />
  <time id="37" path="/Non Project/PSP Fundamentals &amp; Advanced/Program 3/Test" start="@1488991418305" delta="15" />
  <time id="38" path="/Non Project/PSP Fundamentals &amp; Advanced/Program 3/Test" start="@1488992919239" delta="29" interrupt="4" />
  <time id="39" path="/Non Project/PSP Fundamentals &amp; Advanced/Program 3/Postmortem" start="@1488994927121" delta="52" interrupt="1" />
  <time id="40" path="/Non Project/PSP Fundamentals &amp; Advanced/Program 4/Planning" start="@1490047641730" delta="45" interrupt="3" />
  <time id="41" path="/Non Project/PSP Fundamentals &amp; Advanced/Program 4/Planning" start="@1490052469366" delta="22" interrupt="39" />
  <time id="42" path="/Non Project/PSP Fundamentals &amp; Advanced/Program 4/Planning" start="@1490056591865" delta="38" />
  <time id="43" path="/Non Project/PSP Fundamentals &amp; Advanced/Program 4/Design" start="@1490058842128" delta="35" interrupt="51" />
  <time id="44" path="/Non Project/PSP Fundamentals &amp; Advanced/Program 4/Design" start="@1490066298044" delta="30" />
  <time id="45" path="/Non Project/PSP Fundamentals &amp; Advanced/Program 4/Design Review" start="@1490068079000" delta="8" />
  <time id="46" path="/Non Project/PSP Fundamentals &amp; Advanced/Program 4/Code" start="@1490068578175" delta="1" />
  <time id="47" path="/Non Project/PSP Fundamentals &amp; Advanced/Program 4/Code" start="@1490097822001" delta="42" />
  <time id="48" path="/Non Project/PSP Fundamentals &amp; Advanced/Program 4/Code" start="@1490101010909" delta="66" />
  <time id="49" path="/Non Project/PSP Fundamentals &amp; Advanced/Program 4/Code Review" start="@1490104971202" delta="19" />
  <time id="50" path="/Non Project/PSP Fundamentals &amp; Advanced/Program 4/Code Review" start="@1490107026076" delta="1" />
  <time id="51" path="/Non Project/PSP Fundamentals &amp; Advanced/Program 4/Compile" start="@1490107044825" delta="1" />
  <time id="52" path="/Non Project/PSP Fundamentals &amp; Advanced/Program 4/Test" start="@1490107133284" delta="6" />
  <time id="53" path="/Non Project/PSP Fundamentals &amp; Advanced/Program 4/Test" start="@1490108576922" delta="3" />
  <time id="54" path="/Non Project/PSP Fundamentals &amp; Advanced/Program 4/Test" start="@1490111968252" delta="22" />
  <time id="55" path="/Non Project/PSP Fundamentals &amp; Advanced/Program 4/Postmortem" start="@1490113292433" delta="30" />
</timeLogEntries>
